file,page,lines1,lines2,chars1,chars2,sim,ink,cover,low,flag
题目\2009年408真题,1,46,49,692,692,0.997,360305,0.936,0,
题目\2009年408真题,2,60,65,1288,1281,0.998,578089,0.988,0,
题目\2009年408真题,3,69,69,1085,1091,0.974,553680,0.985,0,
题目\2009年408真题,4,68,72,1229,1236,0.998,639000,0.988,0,
题目\2009年408真题,5,49,62,1078,1082,0.969,586666,0.9,1,
题目\2009年408真题,6,55,65,1081,1070,0.996,595093,0.803,1,
题目\2009年408真题,7,9,12,231,230,1.0,137248,0.903,0,
题目\2010年408真题,1,44,53,674,679,0.993,379713,0.898,0,
题目\2010年408真题,2,62,66,1067,1065,0.987,469285,0.972,0,
题目\2010年408真题,3,69,70,997,996,0.974,439434,0.987,0,
题目\2010年408真题,4,59,62,974,971,0.993,438744,0.935,2,
题目\2010年408真题,5,56,66,1230,1227,0.995,582840,0.978,0,
题目\2010年408真题,6,65,74,1192,1192,0.998,568835,0.856,1,
题目\2010年408真题,7,44,51,794,793,0.999,518765,0.81,0,
题目\2010年408真题,8,5,11,350,350,0.997,201885,0.999,0,
题目\2011年408真题,1,56,59,905,913,0.995,362991,0.987,0,
题目\2011年408真题,2,72,73,1131,1136,0.994,449982,0.985,0,
题目\2011年408真题,3,104,103,949,947,0.989,419823,0.877,1,
题目\2011年408真题,4,76,77,1193,1183,0.999,394811,0.968,0,
题目\2011年408真题,5,50,58,1246,1243,0.995,445612,0.949,0,
题目\2011年408真题,6,128,124,855,834,0.987,380841,0.821,3,
题目\2011年408真题,7,44,49,1006,998,0.992,331277,0.955,0,
题目\2011年408真题,8,33,32,181,176,0.997,88177,0.601,0,墨迹覆盖低(可能漏块)
题目\2012年408真题,1,50,58,833,846,0.993,372826,0.954,0,
题目\2012年408真题,2,64,70,1002,1004,0.993,360602,0.959,0,
题目\2012年408真题,3,64,67,1076,1075,0.981,430831,0.987,0,
题目\2012年408真题,4,80,88,1000,999,0.961,420054,0.879,0,
题目\2012年408真题,5,62,64,1072,1072,0.995,421371,0.946,0,
题目\2012年408真题,6,44,56,1188,1195,0.996,513787,0.893,1,
题目\2012年408真题,7,67,81,1209,1201,0.995,503628,0.893,0,
题目\2012年408真题,8,57,112,938,906,0.996,340285,0.64,0,墨迹覆盖低(可能漏块)
题目\2013年408真题,1,60,62,790,785,0.975,345473,0.981,0,
题目\2013年408真题,2,69,72,844,858,0.993,350703,0.864,0,
题目\2013年408真题,3,70,79,1155,1165,0.988,552605,0.945,3,
题目\2013年408真题,4,67,75,909,912,0.991,471544,0.901,0,
题目\2013年408真题,5,47,54,1194,1206,0.997,491073,0.97,0,
题目\2013年408真题,6,31,53,1337,1332,0.998,642448,0.967,2,
题目\2013年408真题,7,40,43,641,635,0.996,368279,0.794,1,墨迹覆盖低(可能漏块)
题目\2013年408真题,8,25,29,411,406,0.998,197238,0.805,0,
题目\2014年408真题,1,46,48,887,892,0.996,315477,0.976,0,
题目\2014年408真题,2,62,63,1097,1099,0.978,407465,0.961,0,
题目\2014年408真题,3,70,74,1159,1157,0.995,458987,0.986,0,
题目\2014年408真题,4,55,71,1133,1131,0.988,390529,0.934,0,
题目\2014年408真题,5,110,115,1060,1087,0.981,421938,0.668,0,墨迹覆盖低(可能漏块)
题目\2014年408真题,6,67,81,1394,1385,0.999,523863,0.856,0,
题目\2014年408真题,7,10,20,681,681,0.998,289754,1.0,0,
题目\2015年408真题,1,46,48,816,813,0.989,338614,0.967,0,
题目\2015年408真题,2,74,77,1180,1177,0.993,493402,0.984,0,
题目\2015年408真题,3,60,63,1076,1074,0.995,503486,0.99,0,
题目\2015年408真题,4,54,60,954,960,0.997,499830,0.952,2,
题目\2015年408真题,5,48,56,871,880,0.989,395029,0.864,2,
题目\2015年408真题,6,39,44,688,687,0.99,413853,0.744,0,墨迹覆盖低(可能漏块)
题目\2015年408真题,7,51,58,1048,1032,0.996,466951,0.834,1,
题目\2015年408真题,8,43,49,803,801,0.995,445899,0.759,0,墨迹覆盖低(可能漏块)
题目\2015年408真题,9,4,6,206,206,1.0,92060,0.999,0,
题目\2016年408真题,1,41,51,824,823,0.985,406405,0.768,0,墨迹覆盖低(可能漏块)
题目\2016年408真题,2,58,58,786,781,0.935,338512,0.894,0,
题目\2016年408真题,3,64,70,1146,1137,0.997,493341,0.965,2,
题目\2016年408真题,4,61,66,1025,1018,0.993,444709,0.927,1,
题目\2016年408真题,5,60,58,821,803,0.993,343952,0.917,1,
题目\2016年408真题,6,60,67,1020,1022,0.974,531839,0.743,0,墨迹覆盖低(可能漏块)
题目\2016年408真题,7,45,54,1263,1250,0.989,642314,0.982,0,
题目\2016年408真题,8,52,61,975,972,0.996,516876,0.835,1,
题目\2017年408真题,1,48,52,819,818,0.994,331328,0.974,0,
题目\2017年408真题,2,57,60,915,912,0.996,356676,0.922,0,
题目\2017年408真题,3,74,75,936,935,0.993,424428,0.852,0,
题目\2017年408真题,4,66,68,1149,1141,0.988,447932,0.981,0,
题目\2017年408真题,5,50,60,1059,1080,0.989,344444,0.886,2,
题目\2017年408真题,6,36,42,951,941,0.991,295096,0.957,0,
题目\2017年408真题,7,52,55,895,879,0.997,290396,0.87,0,
题目\2017年408真题,8,40,43,661,650,0.959,268516,0.913,2,
题目\2018年408真题,1,41,46,804,813,0.993,359065,0.968,3,
题目\2018年408真题,2,59,60,1372,1347,0.986,469624,0.953,0,
题目\2018年408真题,3,71,76,1243,1245,0.995,574444,0.924,0,
题目\2018年408真题,4,78,79,1079,1073,0.974,481782,0.937,0,
题目\2018年408真题,5,59,64,1252,1246,0.998,493578,0.946,0,
题目\2018年408真题,6,30,46,917,921,0.995,448448,0.954,0,
题目\2018年408真题,7,68,77,908,916,0.984,539241,0.749,6,墨迹覆盖低(可能漏块)
题目\2018年408真题,8,16,20,294,293,0.998,129289,0.789,1,墨迹覆盖低(可能漏块)
题目\2019年408真题,1,53,59,753,764,0.979,232678,0.954,0,
题目\2019年408真题,2,57,60,1202,1201,0.999,304410,0.99,0,
题目\2019年408真题,3,58,64,1119,1112,0.97,266322,0.99,0,
题目\2019年408真题,4,63,70,1115,1118,0.984,301277,0.942,0,
题目\2019年408真题,5,60,59,827,823,0.979,194725,0.91,1,
题目\2019年408真题,6,80,80,1282,1279,0.982,266955,0.998,0,
题目\2019年408真题,7,31,47,1149,1147,0.99,291148,0.911,1,
题目\2020年408真题,1,46,52,880,908,0.984,299205,0.942,1,
题目\2020年408真题,2,53,55,892,902,0.982,278409,1.0,0,
题目\2020年408真题,3,53,55,993,995,0.993,328511,1.0,1,
题目\2020年408真题,4,69,69,816,823,0.931,303479,0.918,0,
题目\2020年408真题,5,45,43,623,625,0.99,231948,0.978,0,
题目\2020年408真题,6,40,40,504,503,0.993,272834,0.598,0,墨迹覆盖低(可能漏块)
题目\2020年408真题,7,40,46,979,972,0.996,133165,0.869,0,
题目\2020年408真题,8,23,40,1185,1185,0.997,448421,0.966,0,
题目\2020年408真题,9,35,40,492,495,0.997,246732,0.63,1,墨迹覆盖低(可能漏块)
题目\2021年408真题,1,43,43,867,875,0.995,274123,0.967,1,
题目\2021年408真题,2,43,52,674,685,0.987,224505,0.892,1,
题目\2021年408真题,3,54,55,926,928,0.998,335415,1.0,0,
题目\2021年408真题,4,77,76,946,947,0.987,409774,0.844,3,
题目\2021年408真题,5,46,47,835,842,0.998,309776,0.95,0,
题目\2021年408真题,6,64,63,876,870,0.972,285630,0.893,1,
题目\2021年408真题,7,57,64,994,993,0.998,277958,0.94,1,
题目\2021年408真题,8,49,56,938,938,0.997,309898,0.919,0,
题目\2021年408真题,9,27,39,910,916,0.993,213603,0.944,0,
题目\2022年408真题,1,16,19,382,382,1.0,345771,0.937,0,
题目\2022年408真题,2,78,82,1098,1110,0.961,357019,0.906,1,
题目\2022年408真题,3,82,85,1343,1350,0.973,498703,0.975,2,
题目\2022年408真题,4,109,108,941,942,0.992,393167,0.865,0,
题目\2022年408真题,5,78,76,1294,1303,0.991,465273,0.958,0,
题目\2022年408真题,6,63,73,938,933,0.989,325745,0.895,0,
题目\2022年408真题,7,51,64,1052,1046,0.981,446107,0.913,1,
题目\2022年408真题,8,46,75,1041,1045,0.99,373049,0.835,1,
题目\2023年408真题,1,12,16,351,351,1.0,256476,0.929,0,
题目\2023年408真题,2,71,74,1304,1320,0.987,368578,0.987,0,
题目\2023年408真题,3,76,75,1376,1352,0.986,404161,0.979,0,
题目\2023年408真题,4,71,73,1087,1088,0.991,423816,0.952,0,
题目\2023年408真题,5,71,75,1257,1272,0.994,470396,0.939,0,
题目\2023年408真题,6,39,51,1282,1276,0.996,349002,0.973,0,
题目\2023年408真题,7,42,54,1176,1172,0.986,416202,0.955,0,
题目\2023年408真题,8,36,45,1006,1007,0.991,352624,0.932,0,
解析\2009年408真题解析,1,155,162,969,971,0.998,414194,0.842,0,
解析\2009年408真题解析,2,20,34,755,757,0.988,369089,0.873,1,
解析\2009年408真题解析,3,21,53,1169,1188,0.989,482695,0.94,0,
解析\2009年408真题解析,4,20,45,1241,1243,0.998,509020,0.993,0,
解析\2009年408真题解析,5,20,41,1151,1152,0.999,504578,1.0,0,
解析\2009年408真题解析,6,22,41,1265,1264,0.999,565440,1.0,0,
解析\2009年408真题解析,7,32,51,934,927,0.991,388728,0.982,0,
解析\2009年408真题解析,8,39,49,1249,1248,0.996,447377,0.997,0,
解析\2009年408真题解析,9,62,65,997,984,0.992,430746,0.772,0,墨迹覆盖低(可能漏块)
解析\2009年408真题解析,10,53,57,790,782,0.994,211427,0.995,0,
解析\2009年408真题解析,11,56,68,1394,1391,0.993,521180,0.849,1,
解析\2009年408真题解析,12,9,11,165,165,1.0,85182,0.707,0,墨迹覆盖低(可能漏块)
解析\2010年408真题解析,1,108,111,1052,1060,0.891,393340,0.932,0,文本差异大
解析\2010年408真题解析,2,29,44,918,916,0.981,409059,0.916,0,
解析\2010年408真题解析,3,24,41,1266,1265,0.994,541729,0.999,0,
解析\2010年408真题解析,4,25,42,1221,1220,0.999,513683,0.975,0,
解析\2010年408真题解析,5,24,42,1092,1093,0.989,524920,0.939,0,
解析\2010年408真题解析,6,45,61,1155,1152,0.996,503333,0.928,0,
解析\2010年408真题解析,7,20,41,1280,1284,0.999,547388,1.0,0,
解析\2010年408真题解析,8,91,98,960,943,0.925,376809,0.735,0,墨迹覆盖低(可能漏块)
解析\2010年408真题解析,9,31,57,1107,1098,0.998,467506,0.864,0,
解析\2010年408真题解析,10,44,51,1003,993,0.927,379691,0.913,3,
解析\2010年408真题解析,11,33,50,1214,1213,0.992,524954,0.894,0,
解析\2011年408真题解析,1,99,83,1216,1213,0.875,433431,0.991,1,文本差异大
解析\2011年408真题解析,2,21,42,868,876,0.987,421303,0.884,2,
解析\2011年408真题解析,3,29,55,1100,1120,0.987,482730,0.924,0,
解析\2011年408真题解析,4,19,41,1233,1234,1.0,547093,0.999,0,
解析\2011年408真题解析,5,13,41,1400,1403,0.997,617597,0.999,0,
解析\2011年408真题解析,6,21,41,1392,1391,0.997,572484,1.0,0,
解析\2011年408真题解析,7,47,71,896,917,0.966,346651,0.905,0,
解析\2011年408真题解析,8,78,79,969,955,0.803,221801,0.706,1,文本差异大；墨迹覆盖低(可能漏块)
解析\2011年408真题解析,9,43,54,1108,1091,0.987,372983,0.995,0,
解析\2011年408真题解析,10,30,44,1327,1328,0.996,491306,0.971,0,
解析\2011年408真题解析,11,41,54,1223,1222,0.996,431555,0.997,0,
解析\2011年408真题解析,12,10,17,675,674,1.0,280035,1.0,0,
解析\2012年408真题解析,1,136,143,800,802,0.918,331590,0.717,1,墨迹覆盖低(可能漏块)
解析\2012年408真题解析,2,53,68,790,790,0.969,345622,0.716,2,墨迹覆盖低(可能漏块)
解析\2012年408真题解析,3,52,66,1211,1192,0.99,502196,0.893,1,
解析\2012年408真题解析,4,40,60,1268,1270,0.978,523178,0.907,0,
解析\2012年408真题解析,5,83,98,1181,1181,0.994,502732,0.838,1,
解析\2012年408真题解析,6,47,65,1052,1054,0.996,471520,0.928,1,
解析\2012年408真题解析,7,34,52,1097,1092,0.987,488018,0.976,1,
解析\2012年408真题解析,8,34,51,1158,1159,0.997,475052,0.979,0,
解析\2012年408真题解析,9,34,48,1152,1153,0.985,445693,0.951,0,
解析\2012年408真题解析,10,71,86,1248,1251,0.985,494518,0.9,1,
解析\2012年408真题解析,11,18,53,1263,1253,0.989,495973,0.925,0,
解析\2013年408真题解析,1,94,101,684,673,0.896,315989,0.843,0,文本差异大
解析\2013年408真题解析,2,15,27,673,672,0.998,321649,0.838,0,
解析\2013年408真题解析,3,39,73,929,974,0.929,362681,0.882,1,
解析\2013年408真题解析,4,55,75,1080,1095,0.97,474961,0.907,8,
解析\2013年408真题解析,5,25,41,990,987,0.999,453584,1.0,0,
解析\2013年408真题解析,6,52,66,1199,1197,0.996,501518,0.958,0,
解析\2013年408真题解析,7,71,75,1001,993,0.982,302181,0.873,0,
解析\2013年408真题解析,8,36,46,1138,1136,0.993,472371,0.961,0,
解析\2013年408真题解析,9,32,44,1169,1171,0.998,434423,0.992,0,
解析\2013年408真题解析,10,42,53,1059,1061,0.983,398414,0.899,3,
解析\2013年408真题解析,11,5,6,251,250,0.998,100795,0.992,0,
解析\2014年408真题解析,1,149,153,907,911,0.991,354334,0.789,4,墨迹覆盖低(可能漏块)
解析\2014年408真题解析,2,56,72,1261,1266,0.985,491140,0.885,3,
解析\2014年408真题解析,3,22,41,1363,1358,1.0,517825,1.0,0,
解析\2014年408真题解析,4,19,41,1362,1356,0.996,514950,1.0,0,
解析\2014年408真题解析,5,19,40,1139,1141,1.0,454326,1.0,0,
解析\2014年408真题解析,6,15,40,1439,1436,0.998,517974,1.0,0,
解析\2014年408真题解析,7,36,47,1139,1135,0.995,379587,0.997,0,
解析\2014年408真题解析,8,53,60,1247,1225,0.987,359700,0.992,1,
解析\2014年408真题解析,9,47,57,1368,1358,0.995,402571,0.98,0,
解析\2014年408真题解析,10,82,85,860,855,0.997,226887,0.736,0,墨迹覆盖低(可能漏块)
解析\2014年408真题解析,11,51,63,1093,1093,0.997,457317,0.84,2,
解析\2014年408真题解析,12,19,41,1408,1406,1.0,527970,1.0,0,
解析\2014年408真题解析,13,36,49,1075,1075,0.997,364517,0.999,0,
解析\2014年408真题解析,14,14,18,245,243,0.979,101200,0.966,1,
解析\2015年408真题解析,1,99,76,813,832,0.845,325001,0.976,0,文本差异大
解析\2015年408真题解析,2,41,66,734,725,0.978,292356,0.852,0,
解析\2015年408真题解析,3,45,59,1197,1198,0.998,484877,0.919,0,
解析\2015年408真题解析,4,22,41,1183,1185,0.999,510227,0.999,0,
解析\2015年408真题解析,5,23,41,1242,1244,0.995,471903,1.0,0,
解析\2015年408真题解析,6,41,47,833,831,0.995,238007,0.994,0,
解析\2015年408真题解析,7,66,63,1003,997,0.977,376988,0.978,2,
解析\2015年408真题解析,8,53,60,1270,1267,0.989,379426,0.926,1,
解析\2016年408真题解析,1,100,102,883,888,0.861,341313,0.967,1,文本差异大
解析\2016年408真题解析,2,37,52,1182,1187,0.969,436134,0.951,2,
解析\2016年408真题解析,3,56,67,973,972,0.954,427143,0.849,4,
解析\2016年408真题解析,4,57,73,1200,1204,0.996,527108,0.864,0,
解析\2016年408真题解析,5,17,56,1295,1293,0.992,586150,0.937,2,
解析\2016年408真题解析,6,47,58,1107,1108,0.995,467327,0.939,1,
解析\2016年408真题解析,7,39,53,1001,1001,0.996,466510,0.886,0,
解析\2016年408真题解析,8,17,40,1513,1512,0.999,548321,1.0,0,
解析\2016年408真题解析,9,21,44,1365,1353,0.991,522377,0.994,0,
解析\2016年408真题解析,10,52,54,981,971,0.989,288575,0.87,0,
解析\2016年408真题解析,11,25,41,1336,1346,0.996,466422,1.0,0,
解析\2016年408真题解析,12,22,30,672,672,0.979,237449,0.951,0,
解析\2017年408真题解析,1,93,77,800,803,0.994,321284,0.978,0,
解析\2017年408真题解析,2,22,39,860,863,0.996,377477,0.913,0,
解析\2017年408真题解析,3,21,41,1241,1244,0.999,519104,1.0,0,
解析\2017年408真题解析,4,21,41,1167,1166,0.998,502445,0.999,0,
解析\2017年408真题解析,5,19,40,1283,1286,0.996,503403,1.0,0,
解析\2017年408真题解析,6,33,51,1045,1040,0.998,401046,0.888,0,
解析\2017年408真题解析,7,27,42,1408,1392,0.996,462587,0.999,0,
解析\2017年408真题解析,8,18,40,1318,1315,0.995,456641,1.0,0,
解析\2017年408真题解析,9,60,67,1093,1070,0.989,339251,0.843,1,
解析\2017年408真题解析,10,9,11,190,189,0.995,69756,0.987,1,
解析\2018年408真题解析,1,98,97,795,785,0.863,301045,0.95,1,文本差异大
解析\2018年408真题解析,2,38,57,730,728,0.947,321019,0.779,1,墨迹覆盖低(可能漏块)
解析\2018年408真题解析,3,24,41,1332,1331,0.998,517352,1.0,0,
解析\2018年408真题解析,4,20,41,1153,1146,0.996,440583,1.0,0,
解析\2018年408真题解析,5,15,41,1327,1326,0.997,572868,0.999,0,
解析\2018年408真题解析,6,57,79,1277,1277,0.998,534334,0.916,2,
解析\2018年408真题解析,7,47,66,1113,1114,0.992,408156,0.933,0,
解析\2018年408真题解析,8,18,43,1358,1357,0.999,529073,0.996,0,
解析\2018年408真题解析,9,7,22,905,908,0.992,321550,1.0,0,
解析\2019年408真题解析,1,95,94,781,783,0.995,339312,0.925,2,
解析\2019年408真题解析,2,70,78,721,721,0.979,407222,0.745,8,墨迹覆盖低(可能漏块)
解析\2019年408真题解析,3,26,54,904,895,0.986,427668,0.939,4,
解析\2019年408真题解析,4,20,40,1253,1256,0.999,577138,0.968,0,
解析\2019年408真题解析,5,32,67,1203,1211,0.993,554436,0.994,0,
解析\2019年408真题解析,6,19,43,1068,1071,0.992,509440,0.986,1,
解析\2019年408真题解析,7,80,77,1174,1150,0.986,539752,0.98,6,
解析\2019年408真题解析,8,28,43,1505,1509,0.991,528814,1.0,0,
解析\2019年408真题解析,9,44,56,1112,1110,0.99,409338,0.989,0,
解析\2019年408真题解析,10,27,39,947,947,0.997,175560,0.959,0,
解析\2019年408真题解析,11,40,51,1378,1382,0.991,505036,0.993,1,
解析\2019年408真题解析,12,13,27,1030,1031,0.995,366700,1.0,0,
解析\2020年408真题解析,1,112,119,506,518,0.945,224551,0.801,1,
解析\2020年408真题解析,2,15,33,716,727,0.977,295346,0.887,1,
解析\2020年408真题解析,3,66,82,735,736,0.954,365400,0.716,1,墨迹覆盖低(可能漏块)
解析\2020年408真题解析,4,39,53,1031,1030,0.996,367500,0.966,2,
解析\2020年408真题解析,5,22,37,1146,1146,0.999,425936,1.0,0,
解析\2020年408真题解析,6,32,49,1044,1042,0.995,413171,0.987,1,
解析\2020年408真题解析,7,39,50,829,829,0.983,372990,0.9,0,
解析\2020年408真题解析,8,21,36,1159,1163,0.993,413077,1.0,0,
解析\2020年408真题解析,9,33,42,1094,1087,0.988,281878,0.981,0,
解析\2020年408真题解析,10,18,41,1381,1379,0.997,480183,0.999,0,
解析\2020年408真题解析,11,45,52,870,865,0.989,252724,0.992,5,
解析\2020年408真题解析,12,17,31,765,765,0.999,292622,0.908,0,
解析\2020年408真题解析,13,36,44,605,615,0.987,239691,0.956,1,
解析\2021年408真题解析,1,104,109,759,772,0.965,289240,0.922,0,
解析\2021年408真题解析,2,33,53,693,716,0.967,279485,0.856,0,
解析\2021年408真题解析,3,24,38,729,736,0.99,279891,0.808,0,
解析\2021年408真题解析,4,18,36,1170,1171,0.995,411454,1.0,0,
解析\2021年408真题解析,5,16,35,1060,1061,1.0,436353,1.0,0,
解析\2021年408真题解析,6,15,36,1086,1086,0.999,421924,1.0,0,
解析\2021年408真题解析,7,45,58,1174,1174,0.997,452532,0.913,1,
解析\2021年408真题解析,8,50,56,865,864,0.999,317299,0.869,0,
解析\2021年408真题解析,9,30,46,1257,1257,0.996,372176,1.0,1,
解析\2021年408真题解析,10,18,39,1303,1301,0.998,481049,1.0,0,
解析\2021年408真题解析,11,16,31,900,900,0.999,344470,0.925,0,
解析\2022年408真题解析,1,100,103,1063,1090,0.944,426446,0.97,0,
解析\2022年408真题解析,2,54,63,1097,1090,0.974,430607,0.835,0,
解析\2022年408真题解析,3,28,45,1673,1685,0.994,670538,0.971,0,
解析\2022年408真题解析,4,22,42,1616,1627,0.994,600302,1.0,0,
解析\2022年408真题解析,5,26,65,1575,1587,0.989,724894,0.964,0,
解析\2022年408真题解析,6,42,56,999,997,0.975,379989,0.896,0,
解析\2022年408真题解析,7,40,48,1268,1253,0.989,553211,0.68,0,墨迹覆盖低(可能漏块)
解析\2022年408真题解析,8,31,44,1202,1197,0.989,421716,1.0,0,
解析\2022年408真题解析,9,21,49,1190,1183,0.99,448146,0.937,0,
解析\2022年408真题解析,10,6,17,581,580,0.991,232531,0.998,0,
解析\2023年408真题解析,1,57,73,1181,1201,0.975,463523,0.975,0,
解析\2023年408真题解析,2,12,42,1042,1062,0.985,437141,0.913,1,
解析\2023年408真题解析,3,25,52,1487,1495,0.998,611899,0.972,0,
解析\2023年408真题解析,4,17,40,1677,1683,0.992,557414,1.0,0,
解析\2023年408真题解析,5,16,40,1571,1574,0.996,665266,1.0,0,
解析\2023年408真题解析,6,23,47,1537,1545,0.997,561290,0.98,0,
解析\2023年408真题解析,7,16,39,1726,1733,0.995,590489,1.0,0,
解析\2023年408真题解析,8,29,39,1093,1075,0.996,332537,0.921,0,
解析\2023年408真题解析,9,19,40,1345,1346,0.994,449911,1.0,0,
解析\2023年408真题解析,10,18,40,1548,1550,0.997,459514,1.0,0,
解析\2023年408真题解析,11,7,30,1208,1208,1.0,430270,1.0,0,
