old,new
答案\2009年计算机408统考真题解析【无水印：快乐每一天整理仅用于学习请勿用作其他用途】.pdf,答案\2009年408真题解析.pdf
答案\2010年计算机408统考真题解析【无水印：快乐每一天整理仅用于学习请勿用作其他用途】.pdf,答案\2010年408真题解析.pdf
答案\2011年计算机408统考真题解析【无水印：快乐每一天整理仅用于学习请勿用作其他用途】.pdf,答案\2011年408真题解析.pdf
答案\2012年计算机408统考真题解析【无水印：快乐每一天整理仅用于学习请勿用作其他用途】.pdf,答案\2012年408真题解析.pdf
答案\2013年计算机408统考真题解析【无水印：快乐每一天整理仅用于学习请勿用作其他用途】.pdf,答案\2013年408真题解析.pdf
答案\2014年计算机408统考真题解析【无水印：快乐每一天整理仅用于学习请勿用作其他用途】.pdf,答案\2014年408真题解析.pdf
答案\2015年计算机408统考真题解析【无水印：快乐每一天整理仅用于学习请勿用作其他用途】.pdf,答案\2015年408真题解析.pdf
答案\2016年计算机408统考真题解析【无水印：快乐每一天整理仅用于学习请勿用作其他用途】.pdf,答案\2016年408真题解析.pdf
答案\2017年计算机408统考真题解析【无水印：快乐每一天整理仅用于学习请勿用作其他用途】.pdf,答案\2017年408真题解析.pdf
答案\2018年计算机408统考真题解析【无水印：快乐每一天整理仅用于学习请勿用作其他用途】.pdf,答案\2018年408真题解析.pdf
答案\2019年计算机408统考真题解析【无水印：快乐每一天整理仅用于学习请勿用作其他用途】.pdf,答案\2019年408真题解析.pdf
答案\2020年计算机408统考真题解析【无水印：快乐每一天整理仅用于学习请勿用作其他用途】.pdf,答案\2020年408真题解析.pdf
答案\2021年计算机408统考真题解析【无水印：快乐每一天整理仅用于学习请勿用作其他用途】.pdf,答案\2021年408真题解析.pdf
答案\2022年计算机408统考真题解析【无水印：快乐每一天整理仅用于学习请勿用作其他用途】.pdf,答案\2022年408真题解析.pdf
答案\2023年计算机408统考真题解析【无水印：快乐每一天整理仅用于学习请勿用作其他用途】.pdf,答案\2023年408真题解析.pdf
2009年计算机408统考真题【无水印：快乐每一天整理仅用于学习请勿用作其他用途】.pdf,2009年408真题.pdf
2010年计算机408统考真题【无水印：快乐每一天整理仅用于学习请勿用作其他用途】.pdf,2010年408真题.pdf
2011年计算机408统考真题【无水印：快乐每一天整理仅用于学习请勿用作其他用途】.pdf,2011年408真题.pdf
2012年计算机408统考真题【无水印：快乐每一天整理仅用于学习请勿用作其他用途】.pdf,2012年408真题.pdf
2013年计算机408统考真题【无水印：快乐每一天整理仅用于学习请勿用作其他用途】.pdf,2013年408真题.pdf
2014年计算机408统考真题【无水印：快乐每一天整理仅用于学习请勿用作其他用途】.pdf,2014年408真题.pdf
2015年计算机408统考真题【无水印：快乐每一天整理仅用于学习请勿用作其他用途】.pdf,2015年408真题.pdf
2016年计算机408统考真题【无水印：快乐每一天整理仅用于学习请勿用作其他用途】.pdf,2016年408真题.pdf
2017年计算机408统考真题【无水印：快乐每一天整理仅用于学习请勿用作其他用途】.pdf,2017年408真题.pdf
2018年计算机408统考真题【无水印：快乐每一天整理仅用于学习请勿用作其他用途】.pdf,2018年408真题.pdf
2019年计算机408统考真题【无水印：快乐每一天整理仅用于学习请勿用作其他用途】.pdf,2019年408真题.pdf
2020年计算机408统考真题【无水印：快乐每一天整理仅用于学习请勿用作其他用途】.pdf,2020年408真题.pdf
2021年计算机408统考真题【无水印：快乐每一天整理仅用于学习请勿用作其他用途】.pdf,2021年408真题.pdf
2022年计算机408统考真题【无水印：快乐每一天整理仅用于学习请勿用作其他用途】.pdf,2022年408真题.pdf
2023年计算机408统考真题【无水印：快乐每一天整理仅用于学习请勿用作其他用途】.pdf,2023年408真题.pdf
OCR输出\2009年计算机408统考真题【无水印：快乐每一天整理仅用于学习请勿用作其他用途】.txt,OCR输出\2009年408真题.txt
OCR输出\2010年计算机408统考真题【无水印：快乐每一天整理仅用于学习请勿用作其他用途】.txt,OCR输出\2010年408真题.txt
OCR输出\2011年计算机408统考真题【无水印：快乐每一天整理仅用于学习请勿用作其他用途】.txt,OCR输出\2011年408真题.txt
OCR输出\2012年计算机408统考真题【无水印：快乐每一天整理仅用于学习请勿用作其他用途】.txt,OCR输出\2012年408真题.txt
OCR输出\2013年计算机408统考真题【无水印：快乐每一天整理仅用于学习请勿用作其他用途】.txt,OCR输出\2013年408真题.txt
OCR输出\2014年计算机408统考真题【无水印：快乐每一天整理仅用于学习请勿用作其他用途】.txt,OCR输出\2014年408真题.txt
OCR输出\2015年计算机408统考真题【无水印：快乐每一天整理仅用于学习请勿用作其他用途】.txt,OCR输出\2015年408真题.txt
OCR输出\2016年计算机408统考真题【无水印：快乐每一天整理仅用于学习请勿用作其他用途】.txt,OCR输出\2016年408真题.txt
OCR输出\2017年计算机408统考真题【无水印：快乐每一天整理仅用于学习请勿用作其他用途】.txt,OCR输出\2017年408真题.txt
OCR输出\2018年计算机408统考真题【无水印：快乐每一天整理仅用于学习请勿用作其他用途】.txt,OCR输出\2018年408真题.txt
OCR输出\2019年计算机408统考真题【无水印：快乐每一天整理仅用于学习请勿用作其他用途】.txt,OCR输出\2019年408真题.txt
OCR输出\2020年计算机408统考真题【无水印：快乐每一天整理仅用于学习请勿用作其他用途】.txt,OCR输出\2020年408真题.txt
OCR输出\2021年计算机408统考真题【无水印：快乐每一天整理仅用于学习请勿用作其他用途】.txt,OCR输出\2021年408真题.txt
OCR输出\2022年计算机408统考真题【无水印：快乐每一天整理仅用于学习请勿用作其他用途】.txt,OCR输出\2022年408真题.txt
OCR输出\2023年计算机408统考真题【无水印：快乐每一天整理仅用于学习请勿用作其他用途】.txt,OCR输出\2023年408真题.txt
OCR输出\答案\2009年计算机408统考真题解析【无水印：快乐每一天整理仅用于学习请勿用作其他用途】.txt,OCR输出\答案\2009年408真题解析.txt
OCR输出\答案\2010年计算机408统考真题解析【无水印：快乐每一天整理仅用于学习请勿用作其他用途】.txt,OCR输出\答案\2010年408真题解析.txt
OCR输出\答案\2011年计算机408统考真题解析【无水印：快乐每一天整理仅用于学习请勿用作其他用途】.txt,OCR输出\答案\2011年408真题解析.txt
OCR输出\答案\2012年计算机408统考真题解析【无水印：快乐每一天整理仅用于学习请勿用作其他用途】.txt,OCR输出\答案\2012年408真题解析.txt
OCR输出\答案\2013年计算机408统考真题解析【无水印：快乐每一天整理仅用于学习请勿用作其他用途】.txt,OCR输出\答案\2013年408真题解析.txt
OCR输出\答案\2014年计算机408统考真题解析【无水印：快乐每一天整理仅用于学习请勿用作其他用途】.txt,OCR输出\答案\2014年408真题解析.txt
OCR输出\答案\2015年计算机408统考真题解析【无水印：快乐每一天整理仅用于学习请勿用作其他用途】.txt,OCR输出\答案\2015年408真题解析.txt
OCR输出\答案\2016年计算机408统考真题解析【无水印：快乐每一天整理仅用于学习请勿用作其他用途】.txt,OCR输出\答案\2016年408真题解析.txt
OCR输出\答案\2017年计算机408统考真题解析【无水印：快乐每一天整理仅用于学习请勿用作其他用途】.txt,OCR输出\答案\2017年408真题解析.txt
OCR输出\答案\2018年计算机408统考真题解析【无水印：快乐每一天整理仅用于学习请勿用作其他用途】.txt,OCR输出\答案\2018年408真题解析.txt
OCR输出\答案\2019年计算机408统考真题解析【无水印：快乐每一天整理仅用于学习请勿用作其他用途】.txt,OCR输出\答案\2019年408真题解析.txt
OCR输出\答案\2020年计算机408统考真题解析【无水印：快乐每一天整理仅用于学习请勿用作其他用途】.txt,OCR输出\答案\2020年408真题解析.txt
OCR输出\答案\2021年计算机408统考真题解析【无水印：快乐每一天整理仅用于学习请勿用作其他用途】.txt,OCR输出\答案\2021年408真题解析.txt
OCR输出\答案\2022年计算机408统考真题解析【无水印：快乐每一天整理仅用于学习请勿用作其他用途】.txt,OCR输出\答案\2022年408真题解析.txt
OCR输出\答案\2023年计算机408统考真题解析【无水印：快乐每一天整理仅用于学习请勿用作其他用途】.txt,OCR输出\答案\2023年408真题解析.txt
OCR输出\.pages\2009年计算机408统考真题【无水印：快乐每一天整理仅用于学习请勿用作其他用途】,OCR输出\.pages\2009年408真题
OCR输出\.pages\2010年计算机408统考真题【无水印：快乐每一天整理仅用于学习请勿用作其他用途】,OCR输出\.pages\2010年408真题
OCR输出\.pages\2011年计算机408统考真题【无水印：快乐每一天整理仅用于学习请勿用作其他用途】,OCR输出\.pages\2011年408真题
OCR输出\.pages\2012年计算机408统考真题【无水印：快乐每一天整理仅用于学习请勿用作其他用途】,OCR输出\.pages\2012年408真题
OCR输出\.pages\2013年计算机408统考真题【无水印：快乐每一天整理仅用于学习请勿用作其他用途】,OCR输出\.pages\2013年408真题
OCR输出\.pages\2014年计算机408统考真题【无水印：快乐每一天整理仅用于学习请勿用作其他用途】,OCR输出\.pages\2014年408真题
OCR输出\.pages\2015年计算机408统考真题【无水印：快乐每一天整理仅用于学习请勿用作其他用途】,OCR输出\.pages\2015年408真题
OCR输出\.pages\2016年计算机408统考真题【无水印：快乐每一天整理仅用于学习请勿用作其他用途】,OCR输出\.pages\2016年408真题
OCR输出\.pages\2017年计算机408统考真题【无水印：快乐每一天整理仅用于学习请勿用作其他用途】,OCR输出\.pages\2017年408真题
OCR输出\.pages\2018年计算机408统考真题【无水印：快乐每一天整理仅用于学习请勿用作其他用途】,OCR输出\.pages\2018年408真题
OCR输出\.pages\2019年计算机408统考真题【无水印：快乐每一天整理仅用于学习请勿用作其他用途】,OCR输出\.pages\2019年408真题
OCR输出\.pages\2020年计算机408统考真题【无水印：快乐每一天整理仅用于学习请勿用作其他用途】,OCR输出\.pages\2020年408真题
OCR输出\.pages\2021年计算机408统考真题【无水印：快乐每一天整理仅用于学习请勿用作其他用途】,OCR输出\.pages\2021年408真题
OCR输出\.pages\2022年计算机408统考真题【无水印：快乐每一天整理仅用于学习请勿用作其他用途】,OCR输出\.pages\2022年408真题
OCR输出\.pages\2023年计算机408统考真题【无水印：快乐每一天整理仅用于学习请勿用作其他用途】,OCR输出\.pages\2023年408真题
OCR输出\.pages\答案__2009年计算机408统考真题解析【无水印：快乐每一天整理仅用于学习请勿用作其他用途】,OCR输出\.pages\答案__2009年408真题解析
OCR输出\.pages\答案__2010年计算机408统考真题解析【无水印：快乐每一天整理仅用于学习请勿用作其他用途】,OCR输出\.pages\答案__2010年408真题解析
OCR输出\.pages\答案__2011年计算机408统考真题解析【无水印：快乐每一天整理仅用于学习请勿用作其他用途】,OCR输出\.pages\答案__2011年408真题解析
OCR输出\.pages\答案__2012年计算机408统考真题解析【无水印：快乐每一天整理仅用于学习请勿用作其他用途】,OCR输出\.pages\答案__2012年408真题解析
OCR输出\.pages\答案__2013年计算机408统考真题解析【无水印：快乐每一天整理仅用于学习请勿用作其他用途】,OCR输出\.pages\答案__2013年408真题解析
OCR输出\.pages\答案__2014年计算机408统考真题解析【无水印：快乐每一天整理仅用于学习请勿用作其他用途】,OCR输出\.pages\答案__2014年408真题解析
OCR输出\.pages\答案__2015年计算机408统考真题解析【无水印：快乐每一天整理仅用于学习请勿用作其他用途】,OCR输出\.pages\答案__2015年408真题解析
OCR输出\.pages\答案__2016年计算机408统考真题解析【无水印：快乐每一天整理仅用于学习请勿用作其他用途】,OCR输出\.pages\答案__2016年408真题解析
OCR输出\.pages\答案__2017年计算机408统考真题解析【无水印：快乐每一天整理仅用于学习请勿用作其他用途】,OCR输出\.pages\答案__2017年408真题解析
OCR输出\.pages\答案__2018年计算机408统考真题解析【无水印：快乐每一天整理仅用于学习请勿用作其他用途】,OCR输出\.pages\答案__2018年408真题解析
OCR输出\.pages\答案__2019年计算机408统考真题解析【无水印：快乐每一天整理仅用于学习请勿用作其他用途】,OCR输出\.pages\答案__2019年408真题解析
OCR输出\.pages\答案__2020年计算机408统考真题解析【无水印：快乐每一天整理仅用于学习请勿用作其他用途】,OCR输出\.pages\答案__2020年408真题解析
OCR输出\.pages\答案__2021年计算机408统考真题解析【无水印：快乐每一天整理仅用于学习请勿用作其他用途】,OCR输出\.pages\答案__2021年408真题解析
OCR输出\.pages\答案__2022年计算机408统考真题解析【无水印：快乐每一天整理仅用于学习请勿用作其他用途】,OCR输出\.pages\答案__2022年408真题解析
OCR输出\.pages\答案__2023年计算机408统考真题解析【无水印：快乐每一天整理仅用于学习请勿用作其他用途】,OCR输出\.pages\答案__2023年408真题解析
校验\.cache\2009年计算机408统考真题【无水印：快乐每一天整理仅用于学习请勿用作其他用途】,校验\.cache\2009年408真题
校验\.cache\2010年计算机408统考真题【无水印：快乐每一天整理仅用于学习请勿用作其他用途】,校验\.cache\2010年408真题
校验\.cache\2011年计算机408统考真题【无水印：快乐每一天整理仅用于学习请勿用作其他用途】,校验\.cache\2011年408真题
校验\.cache\2012年计算机408统考真题【无水印：快乐每一天整理仅用于学习请勿用作其他用途】,校验\.cache\2012年408真题
校验\.cache\2013年计算机408统考真题【无水印：快乐每一天整理仅用于学习请勿用作其他用途】,校验\.cache\2013年408真题
校验\.cache\2014年计算机408统考真题【无水印：快乐每一天整理仅用于学习请勿用作其他用途】,校验\.cache\2014年408真题
校验\.cache\2015年计算机408统考真题【无水印：快乐每一天整理仅用于学习请勿用作其他用途】,校验\.cache\2015年408真题
校验\.cache\2016年计算机408统考真题【无水印：快乐每一天整理仅用于学习请勿用作其他用途】,校验\.cache\2016年408真题
校验\.cache\2017年计算机408统考真题【无水印：快乐每一天整理仅用于学习请勿用作其他用途】,校验\.cache\2017年408真题
校验\.cache\2018年计算机408统考真题【无水印：快乐每一天整理仅用于学习请勿用作其他用途】,校验\.cache\2018年408真题
校验\.cache\2019年计算机408统考真题【无水印：快乐每一天整理仅用于学习请勿用作其他用途】,校验\.cache\2019年408真题
校验\.cache\2020年计算机408统考真题【无水印：快乐每一天整理仅用于学习请勿用作其他用途】,校验\.cache\2020年408真题
校验\.cache\2021年计算机408统考真题【无水印：快乐每一天整理仅用于学习请勿用作其他用途】,校验\.cache\2021年408真题
校验\.cache\2022年计算机408统考真题【无水印：快乐每一天整理仅用于学习请勿用作其他用途】,校验\.cache\2022年408真题
校验\.cache\2023年计算机408统考真题【无水印：快乐每一天整理仅用于学习请勿用作其他用途】,校验\.cache\2023年408真题
校验\.cache\答案__2009年计算机408统考真题解析【无水印：快乐每一天整理仅用于学习请勿用作其他用途】,校验\.cache\答案__2009年408真题解析
校验\.cache\答案__2010年计算机408统考真题解析【无水印：快乐每一天整理仅用于学习请勿用作其他用途】,校验\.cache\答案__2010年408真题解析
校验\.cache\答案__2011年计算机408统考真题解析【无水印：快乐每一天整理仅用于学习请勿用作其他用途】,校验\.cache\答案__2011年408真题解析
校验\.cache\答案__2012年计算机408统考真题解析【无水印：快乐每一天整理仅用于学习请勿用作其他用途】,校验\.cache\答案__2012年408真题解析
校验\.cache\答案__2013年计算机408统考真题解析【无水印：快乐每一天整理仅用于学习请勿用作其他用途】,校验\.cache\答案__2013年408真题解析
校验\.cache\答案__2014年计算机408统考真题解析【无水印：快乐每一天整理仅用于学习请勿用作其他用途】,校验\.cache\答案__2014年408真题解析
校验\.cache\答案__2015年计算机408统考真题解析【无水印：快乐每一天整理仅用于学习请勿用作其他用途】,校验\.cache\答案__2015年408真题解析
校验\.cache\答案__2016年计算机408统考真题解析【无水印：快乐每一天整理仅用于学习请勿用作其他用途】,校验\.cache\答案__2016年408真题解析
校验\.cache\答案__2017年计算机408统考真题解析【无水印：快乐每一天整理仅用于学习请勿用作其他用途】,校验\.cache\答案__2017年408真题解析
校验\.cache\答案__2018年计算机408统考真题解析【无水印：快乐每一天整理仅用于学习请勿用作其他用途】,校验\.cache\答案__2018年408真题解析
校验\.cache\答案__2019年计算机408统考真题解析【无水印：快乐每一天整理仅用于学习请勿用作其他用途】,校验\.cache\答案__2019年408真题解析
校验\.cache\答案__2020年计算机408统考真题解析【无水印：快乐每一天整理仅用于学习请勿用作其他用途】,校验\.cache\答案__2020年408真题解析
校验\.cache\答案__2021年计算机408统考真题解析【无水印：快乐每一天整理仅用于学习请勿用作其他用途】,校验\.cache\答案__2021年408真题解析
校验\.cache\答案__2022年计算机408统考真题解析【无水印：快乐每一天整理仅用于学习请勿用作其他用途】,校验\.cache\答案__2022年408真题解析
校验\.cache\答案__2023年计算机408统考真题解析【无水印：快乐每一天整理仅用于学习请勿用作其他用途】,校验\.cache\答案__2023年408真题解析
